<?xml version="1.0" encoding="UTF-8"?>
<project-private xmlns="http://www.netbeans.org/ns/project-private/1">
    <editor-bookmarks xmlns="http://www.netbeans.org/ns/editor-bookmarks/2" lastBookmarkId="0"/>
    <open-files xmlns="http://www.netbeans.org/ns/projectui-open-files/2">
        <group>
            <file>file:/C:/Users/justi/OneDrive/Documents/NetBeans/event-management-system/EMS/EMS-war/web/secret/viewRegistrations.xhtml</file>
            <file>file:/C:/Users/justi/OneDrive/Documents/NetBeans/event-management-system/EMS/EMS-war/src/java/managedbean/RegManagedBean.java</file>
            <file>file:/C:/Users/justi/OneDrive/Documents/NetBeans/event-management-system/EMS/EMS-war/web/secret/createEvent.xhtml</file>
            <file>file:/C:/Users/justi/OneDrive/Documents/NetBeans/event-management-system/EMS/EMS-war/src/java/managedbean/EventManagedBean.java</file>
            <file>file:/C:/Users/justi/OneDrive/Documents/NetBeans/event-management-system/EMS/EMS-war/web/login.xhtml</file>
            <file>file:/C:/Users/justi/OneDrive/Documents/NetBeans/event-management-system/EMS/EMS-war/web/layout/homepage.xhtml</file>
            <file>file:/C:/Users/justi/OneDrive/Documents/NetBeans/event-management-system/EMS/EMS-war/web/images/img.jpg</file>
            <file>file:/C:/Users/justi/OneDrive/Documents/NetBeans/event-management-system/EMS/EMS-war/web/secret/editEvent.xhtml</file>
            <file>file:/C:/Users/justi/OneDrive/Documents/NetBeans/event-management-system/EMS/EMS-war/web/index.xhtml</file>
            <file>file:/C:/Users/justi/OneDrive/Documents/NetBeans/event-management-system/EMS/EMS-war/src/java/managedbean/AuthenticationManagedBean.java</file>
            <file>file:/C:/Users/justi/OneDrive/Documents/NetBeans/event-management-system/EMS/EMS-war/web/secret/viewEventsCreated.xhtml</file>
            <file>file:/C:/Users/justi/OneDrive/Documents/NetBeans/event-management-system/EMS/EMS-war/src/java/managedbean/CustomerManagedBean.java</file>
            <file>file:/C:/Users/justi/OneDrive/Documents/NetBeans/event-management-system/EMS/EMS-war/web/secret/editProfile.xhtml</file>
            <file>file:/C:/Users/justi/OneDrive/Documents/NetBeans/event-management-system/EMS/EMS-war/web/secret/searchEvents.xhtml</file>
            <file>file:/C:/Users/justi/OneDrive/Documents/NetBeans/event-management-system/EMS/EMS-war/web/resources/css/cssLayout.css</file>
            <file>file:/C:/Users/justi/OneDrive/Documents/NetBeans/event-management-system/EMS/EMS-war/web/secret/viewEventDetails.xhtml</file>
            <file>file:/C:/Users/justi/OneDrive/Documents/NetBeans/event-management-system/EMS/EMS-war/web/secret/home.xhtml</file>
            <file>file:/C:/Users/justi/OneDrive/Documents/NetBeans/event-management-system/EMS/EMS-war/web/WEB-INF/web.xml</file>
            <file>file:/C:/Users/justi/OneDrive/Documents/NetBeans/event-management-system/EMS/EMS-war/web/register.xhtml</file>
            <file>file:/C:/Users/justi/OneDrive/Documents/NetBeans/event-management-system/EMS/EMS-war/web/layout/default.xhtml</file>
            <file>file:/C:/Users/justi/OneDrive/Documents/NetBeans/event-management-system/EMS/EMS-war/web/secret/viewProfile.xhtml</file>
            <file>file:/C:/Users/justi/OneDrive/Documents/NetBeans/event-management-system/EMS/EMS-war/web/resources/css/default.css</file>
        </group>
    </open-files>
</project-private>
