<?xml version="1.0" encoding="UTF-8"?>
<project-private xmlns="http://www.netbeans.org/ns/project-private/1">
    <editor-bookmarks xmlns="http://www.netbeans.org/ns/editor-bookmarks/2" lastBookmarkId="0"/>
    <open-files xmlns="http://www.netbeans.org/ns/projectui-open-files/2">
        <group>
            <file>file:/C:/Users/justi/OneDrive/Documents/NetBeans/event-management-system/EMS/EMS-ejb/src/java/session/RegistrationSessionBean.java</file>
            <file>file:/C:/Users/justi/OneDrive/Documents/NetBeans/event-management-system/EMS/EMS-ejb/src/java/session/EventSessionBeanLocal.java</file>
            <file>file:/C:/Users/justi/OneDrive/Documents/NetBeans/event-management-system/EMS/EMS-ejb/src/java/entity/Registration.java</file>
            <file>file:/C:/Users/justi/OneDrive/Documents/NetBeans/event-management-system/EMS/EMS-ejb/src/java/session/EventSessionBean.java</file>
            <file>file:/C:/Users/justi/OneDrive/Documents/NetBeans/event-management-system/EMS/EMS-ejb/src/java/session/RegistrationSessionBeanLocal.java</file>
            <file>file:/C:/Users/justi/OneDrive/Documents/NetBeans/event-management-system/EMS/EMS-ejb/src/java/entity/Event.java</file>
            <file>file:/C:/Users/justi/OneDrive/Documents/NetBeans/event-management-system/EMS/EMS-ejb/src/java/session/CustomerSessionBean.java</file>
        </group>
    </open-files>
</project-private>
